model,precision,recall,ROC_auc,acc,lr_PR_f1,lr_PR_auc,ns_auc,lr_auc
"LR with (1, 1)-Grams-CountVectorizer-vectorizer",0.6483516483516484,0.7972972972972973,0.7691745799853907,0.6824324324324325,0.7151515151515152,0.7945051612316529,0.5,0.7691745799853907
"RF with (1, 1)-Grams-CountVectorizer-vectorizer",0.6097560975609756,0.6756756756756757,0.7441563184806428,0.6216216216216216,0.6410256410256411,0.7768189087999416,0.5,0.7441563184806428
"3 Nearest Neighbors with (1, 1)-Grams-CountVectorizer-vectorizer",0.5555555555555556,0.6756756756756757,0.6221694667640614,0.5675675675675675,0.6097560975609757,0.6889058312509508,0.5,0.6221694667640614
"Decision Tree with (1, 1)-Grams-CountVectorizer-vectorizer",0.7222222222222222,0.7027027027027027,0.7170379839298757,0.7162162162162162,0.7123287671232876,0.6758826761348146,0.5,0.7170379839298757
"10 Random Forest 5-max-depth with (1, 1)-Grams-CountVectorizer-vectorizer",0.6619718309859155,0.6351351351351351,0.7008765522279036,0.6554054054054054,0.6482758620689655,0.7344918779524912,0.5,0.7008765522279036
"Neural Net with (1, 1)-Grams-CountVectorizer-vectorizer",0.62,0.8378378378378378,0.7258948137326516,0.6621621621621622,0.7126436781609196,0.7156661870250488,0.5,0.7258948137326516
"AdaBoost with (1, 1)-Grams-CountVectorizer-vectorizer",0.7733333333333333,0.7837837837837838,0.8359203798392988,0.777027027027027,0.7785234899328859,0.8527620475067141,0.5,0.8359203798392988
"LR with (1, 1)-Grams-TfidfVectorizer-vectorizer",0.6486486486486487,0.6486486486486487,0.6652666179693205,0.6486486486486487,0.6486486486486487,0.727457013821529,0.5,0.6652666179693205
"RF with (1, 1)-Grams-TfidfVectorizer-vectorizer",0.6790123456790124,0.7432432432432432,0.7853360116873631,0.6959459459459459,0.7096774193548386,0.8062331129227125,0.5,0.7853360116873631
"3 Nearest Neighbors with (1, 1)-Grams-TfidfVectorizer-vectorizer",0.5742574257425742,0.7837837837837838,0.6789627465303142,0.6013513513513513,0.6628571428571428,0.7338624844653905,0.5,0.6789627465303142
"Decision Tree with (1, 1)-Grams-TfidfVectorizer-vectorizer",0.7058823529411765,0.8108108108108109,0.7608655953250548,0.7364864864864865,0.7547169811320755,0.722917510048152,0.5,0.7608655953250548
"10 Random Forest 5-max-depth with (1, 1)-Grams-TfidfVectorizer-vectorizer",0.7941176470588235,0.7297297297297297,0.8507121986851717,0.7702702702702703,0.7605633802816901,0.8622663138694665,0.5,0.8507121986851717
"Neural Net with (1, 1)-Grams-TfidfVectorizer-vectorizer",0.5795454545454546,0.6891891891891891,0.6544923301680059,0.5945945945945946,0.6296296296296297,0.7062309786516334,0.5,0.6544923301680059
"AdaBoost with (1, 1)-Grams-TfidfVectorizer-vectorizer",0.6451612903225806,0.8108108108108109,0.7993060628195763,0.6824324324324325,0.718562874251497,0.8167580743032845,0.5,0.7993060628195763
"LR with (1, 2)-Grams-CountVectorizer-vectorizer",0.6739130434782609,0.8378378378378378,0.8000365230094959,0.7162162162162162,0.746987951807229,0.8148375201808349,0.5,0.8000365230094959
"RF with (1, 2)-Grams-CountVectorizer-vectorizer",0.6744186046511628,0.7837837837837838,0.7800401753104454,0.7027027027027027,0.725,0.8210337513142444,0.5,0.7800401753104454
"3 Nearest Neighbors with (1, 2)-Grams-CountVectorizer-vectorizer",0.5591397849462365,0.7027027027027027,0.6451789627465303,0.5743243243243243,0.6227544910179641,0.7062240969168476,0.5,0.6451789627465303
"Decision Tree with (1, 2)-Grams-CountVectorizer-vectorizer",0.7,0.7567567567567568,0.7325602629656685,0.7162162162162162,0.7272727272727273,0.7073375099601482,0.5,0.7325602629656685
"10 Random Forest 5-max-depth with (1, 2)-Grams-CountVectorizer-vectorizer",0.7560975609756098,0.4189189189189189,0.7069028487947406,0.6418918918918919,0.5391304347826087,0.7168219240455593,0.5,0.7069028487947406
"Neural Net with (1, 2)-Grams-CountVectorizer-vectorizer",0.6222222222222222,0.7567567567567568,0.7554784514243974,0.6486486486486487,0.6829268292682927,0.7610212362858599,0.5,0.7554784514243974
"AdaBoost with (1, 2)-Grams-CountVectorizer-vectorizer",0.7105263157894737,0.7297297297297297,0.7791271000730461,0.7162162162162162,0.7200000000000001,0.805981340640096,0.5,0.7791271000730461
"LR with (1, 2)-Grams-TfidfVectorizer-vectorizer",0.6805555555555556,0.6621621621621622,0.7189554419284149,0.6756756756756757,0.6712328767123288,0.7466110688370711,0.5,0.7189554419284149
"RF with (1, 2)-Grams-TfidfVectorizer-vectorizer",0.6857142857142857,0.6486486486486487,0.743425858290723,0.6756756756756757,0.6666666666666667,0.773402640755198,0.5,0.743425858290723
"3 Nearest Neighbors with (1, 2)-Grams-TfidfVectorizer-vectorizer",0.5729166666666666,0.7432432432432432,0.6630752373995616,0.5945945945945946,0.6470588235294117,0.7109446819268248,0.5,0.6630752373995616
"Decision Tree with (1, 2)-Grams-TfidfVectorizer-vectorizer",0.6746987951807228,0.7567567567567568,0.7152118334550768,0.6959459459459459,0.7133757961783439,0.7059175758854093,0.5,0.7152118334550768
"10 Random Forest 5-max-depth with (1, 2)-Grams-TfidfVectorizer-vectorizer",0.6862745098039216,0.47297297297297297,0.6870891161431703,0.6283783783783784,0.56,0.7253594257967592,0.5,0.6870891161431703
"Neural Net with (1, 2)-Grams-TfidfVectorizer-vectorizer",0.68,0.6891891891891891,0.72918188458729,0.6824324324324325,0.6845637583892618,0.7287799878856698,0.5,0.72918188458729
"AdaBoost with (1, 2)-Grams-TfidfVectorizer-vectorizer",0.6404494382022472,0.7702702702702703,0.7486303871439007,0.668918918918919,0.6993865030674847,0.7869737015922661,0.5,0.7486303871439007
"LR with (2, 2)-Grams-CountVectorizer-vectorizer",0.6739130434782609,0.8378378378378378,0.8004017531044558,0.7162162162162162,0.746987951807229,0.8169876636485836,0.5,0.8004017531044558
"RF with (2, 2)-Grams-CountVectorizer-vectorizer",0.8181818181818182,0.7297297297297297,0.8152848794740687,0.7837837837837838,0.7714285714285715,0.837545053130794,0.5,0.8152848794740687
"3 Nearest Neighbors with (2, 2)-Grams-CountVectorizer-vectorizer",0.5684210526315789,0.7297297297297297,0.6421658144631117,0.5878378378378378,0.6390532544378698,0.6866270405744089,0.5,0.6421658144631117
"Decision Tree with (2, 2)-Grams-CountVectorizer-vectorizer",0.6043956043956044,0.7432432432432432,0.5828159240321401,0.6283783783783784,0.6666666666666667,0.6186254451976658,0.5,0.5828159240321401
"10 Random Forest 5-max-depth with (2, 2)-Grams-CountVectorizer-vectorizer",0.7567567567567568,0.7567567567567568,0.7741964937910883,0.7567567567567568,0.7567567567567567,0.7690842985590862,0.5,0.7741964937910883
"Neural Net with (2, 2)-Grams-CountVectorizer-vectorizer",0.6444444444444445,0.7837837837837838,0.7430606281957634,0.6756756756756757,0.7073170731707318,0.7731977580387661,0.5,0.7430606281957634
"AdaBoost with (2, 2)-Grams-CountVectorizer-vectorizer",0.6666666666666666,0.7027027027027027,0.7718224981738494,0.6756756756756757,0.6842105263157895,0.8016522076192892,0.5,0.7718224981738494
"LR with (2, 2)-Grams-TfidfVectorizer-vectorizer",0.7384615384615385,0.6486486486486487,0.7447041636230826,0.7094594594594594,0.6906474820143885,0.7394957833302078,0.5,0.7447041636230826
"RF with (2, 2)-Grams-TfidfVectorizer-vectorizer",0.6455696202531646,0.6891891891891891,0.7255295836376917,0.6554054054054054,0.6666666666666666,0.7789027862491034,0.5,0.7255295836376917
"3 Nearest Neighbors with (2, 2)-Grams-TfidfVectorizer-vectorizer",0.6,0.7297297297297297,0.674945215485756,0.6216216216216216,0.6585365853658536,0.7120867529631651,0.5,0.674945215485756
"Decision Tree with (2, 2)-Grams-TfidfVectorizer-vectorizer",0.7681159420289855,0.7162162162162162,0.7672571219868517,0.75,0.7412587412587412,0.762683170130391,0.5,0.7672571219868517
"10 Random Forest 5-max-depth with (2, 2)-Grams-TfidfVectorizer-vectorizer",0.484375,0.4189189189189189,0.5067567567567568,0.4864864864864865,0.4492753623188406,0.530218942243912,0.5,0.5067567567567568
"Neural Net with (2, 2)-Grams-TfidfVectorizer-vectorizer",0.6710526315789473,0.6891891891891891,0.7450693937180424,0.6756756756756757,0.68,0.7231779714724871,0.5,0.7450693937180424
"AdaBoost with (2, 2)-Grams-TfidfVectorizer-vectorizer",0.6666666666666666,0.6756756756756757,0.7610482103725347,0.668918918918919,0.6711409395973154,0.7785773422458888,0.5,0.7610482103725347
"LR with (1, 3)-Grams-CountVectorizer-vectorizer",0.6904761904761905,0.7837837837837838,0.7720964207450693,0.7162162162162162,0.7341772151898734,0.7731756536021156,0.5,0.7720964207450693
"RF with (1, 3)-Grams-CountVectorizer-vectorizer",0.7142857142857143,0.6756756756756757,0.7911796932067202,0.7027027027027027,0.6944444444444444,0.8147972188894554,0.5,0.7911796932067202
"3 Nearest Neighbors with (1, 3)-Grams-CountVectorizer-vectorizer",0.5483870967741935,0.6891891891891891,0.6382395909422937,0.5608108108108109,0.6107784431137725,0.6987483610681964,0.5,0.6382395909422937
"Decision Tree with (1, 3)-Grams-CountVectorizer-vectorizer",0.7078651685393258,0.8513513513513513,0.7591307523739956,0.75,0.7730061349693251,0.7743427276267961,0.5,0.7591307523739956
"10 Random Forest 5-max-depth with (1, 3)-Grams-CountVectorizer-vectorizer",0.7666666666666667,0.6216216216216216,0.8143718042366692,0.7162162162162162,0.6865671641791045,0.8003674038558757,0.5,0.8143718042366692
"Neural Net with (1, 3)-Grams-CountVectorizer-vectorizer",0.631578947368421,0.6486486486486487,0.7358473338203068,0.6351351351351351,0.64,0.7375338616765414,0.5,0.7358473338203068
"AdaBoost with (1, 3)-Grams-CountVectorizer-vectorizer",0.6883116883116883,0.7162162162162162,0.79172753834916,0.6959459459459459,0.7019867549668874,0.8138211903840831,0.5,0.79172753834916
"LR with (1, 3)-Grams-TfidfVectorizer-vectorizer",0.7424242424242424,0.6621621621621622,0.7419649379108839,0.7162162162162162,0.7000000000000001,0.7308865276344446,0.5,0.7419649379108839
"RF with (1, 3)-Grams-TfidfVectorizer-vectorizer",0.7666666666666667,0.6216216216216216,0.8215850986121256,0.7162162162162162,0.6865671641791045,0.8443210662617726,0.5,0.8215850986121256
"3 Nearest Neighbors with (1, 3)-Grams-TfidfVectorizer-vectorizer",0.5833333333333334,0.7567567567567568,0.6402483564645727,0.6081081081081081,0.6588235294117648,0.6850485100485102,0.5,0.6402483564645727
"Decision Tree with (1, 3)-Grams-TfidfVectorizer-vectorizer",0.7464788732394366,0.7162162162162162,0.735482103725347,0.7364864864864865,0.7310344827586208,0.7579706784597008,0.5,0.735482103725347
"10 Random Forest 5-max-depth with (1, 3)-Grams-TfidfVectorizer-vectorizer",0.5862068965517241,0.4594594594594595,0.6447224251278305,0.5675675675675675,0.5151515151515151,0.6809815239226327,0.5,0.6447224251278305
"Neural Net with (1, 3)-Grams-TfidfVectorizer-vectorizer",0.6753246753246753,0.7027027027027027,0.7551132213294376,0.6824324324324325,0.6887417218543046,0.7151031131043445,0.5,0.7551132213294376
"AdaBoost with (1, 3)-Grams-TfidfVectorizer-vectorizer",0.7228915662650602,0.8108108108108109,0.8115412710007305,0.75,0.7643312101910827,0.8120483139978956,0.5,0.8115412710007305
"LR with (2, 3)-Grams-CountVectorizer-vectorizer",0.717948717948718,0.7567567567567568,0.7741051862673485,0.7297297297297297,0.736842105263158,0.775218340730353,0.5,0.7741051862673485
"RF with (2, 3)-Grams-CountVectorizer-vectorizer",0.819672131147541,0.6756756756756757,0.816745799853908,0.7635135135135135,0.7407407407407408,0.8378411110123346,0.5,0.816745799853908
"3 Nearest Neighbors with (2, 3)-Grams-CountVectorizer-vectorizer",0.5393258426966292,0.6486486486486487,0.614682249817385,0.5472972972972973,0.588957055214724,0.6637716757308387,0.5,0.614682249817385
"Decision Tree with (2, 3)-Grams-CountVectorizer-vectorizer",0.6666666666666666,0.5945945945945946,0.6655405405405405,0.6486486486486487,0.6285714285714286,0.6686272124109962,0.5,0.6655405405405405
"10 Random Forest 5-max-depth with (2, 3)-Grams-CountVectorizer-vectorizer",0.46938775510204084,0.3108108108108108,0.47315558802045293,0.4797297297297297,0.37398373983739835,0.4824704833368467,0.5,0.47315558802045293
"Neural Net with (2, 3)-Grams-CountVectorizer-vectorizer",0.6329113924050633,0.6756756756756757,0.7543827611395179,0.6418918918918919,0.6535947712418301,0.7444140526912432,0.5,0.7543827611395179
"AdaBoost with (2, 3)-Grams-CountVectorizer-vectorizer",0.6986301369863014,0.6891891891891891,0.7752921840759679,0.6959459459459459,0.6938775510204082,0.7628407446009788,0.5,0.7752921840759679
"LR with (2, 3)-Grams-TfidfVectorizer-vectorizer",0.7575757575757576,0.6756756756756757,0.7552958363769174,0.7297297297297297,0.7142857142857142,0.7205798111814473,0.5,0.7552958363769174
"RF with (2, 3)-Grams-TfidfVectorizer-vectorizer",0.746268656716418,0.6756756756756757,0.8146457268078889,0.722972972972973,0.7092198581560283,0.8374315234217512,0.5,0.8146457268078889
"3 Nearest Neighbors with (2, 3)-Grams-TfidfVectorizer-vectorizer",0.5555555555555556,0.6081081081081081,0.6275566106647188,0.5608108108108109,0.5806451612903225,0.6848972540461903,0.5,0.6275566106647188
"Decision Tree with (2, 3)-Grams-TfidfVectorizer-vectorizer",0.5833333333333334,0.5675675675675675,0.608290723155588,0.581081081081081,0.5753424657534246,0.6711894811221097,0.5,0.608290723155588
"10 Random Forest 5-max-depth with (2, 3)-Grams-TfidfVectorizer-vectorizer",0.7586206896551724,0.2972972972972973,0.6867238860482104,0.6013513513513513,0.42718446601941745,0.6943347598317362,0.5,0.6867238860482104
"Neural Net with (2, 3)-Grams-TfidfVectorizer-vectorizer",0.6790123456790124,0.7432432432432432,0.781227173119065,0.6959459459459459,0.7096774193548386,0.7360768702919469,0.5,0.781227173119065
"AdaBoost with (2, 3)-Grams-TfidfVectorizer-vectorizer",0.6933333333333334,0.7027027027027027,0.7909057706355004,0.6959459459459459,0.6979865771812082,0.7831111751864472,0.5,0.7909057706355004
"LR with (3, 3)-Grams-CountVectorizer-vectorizer",0.7215189873417721,0.7702702702702703,0.7710920379839298,0.7364864864864865,0.7450980392156862,0.7608732636922291,0.5,0.7710920379839298
"RF with (3, 3)-Grams-CountVectorizer-vectorizer",0.7580645161290323,0.6351351351351351,0.8155588020452885,0.7162162162162162,0.6911764705882353,0.8258067812035228,0.5,0.8155588020452885
"3 Nearest Neighbors with (3, 3)-Grams-CountVectorizer-vectorizer",0.5543478260869565,0.6891891891891891,0.6155040175310444,0.5675675675675675,0.6144578313253013,0.6631112060677278,0.5,0.6155040175310444
"Decision Tree with (3, 3)-Grams-CountVectorizer-vectorizer",0.671875,0.581081081081081,0.6635317750182615,0.6486486486486487,0.6231884057971013,0.6687106251088599,0.5,0.6635317750182615
"10 Random Forest 5-max-depth with (3, 3)-Grams-CountVectorizer-vectorizer",0.6336633663366337,0.8648648648648649,0.752191380569759,0.6824324324324325,0.7314285714285713,0.7817147971504028,0.5,0.752191380569759
"Neural Net with (3, 3)-Grams-CountVectorizer-vectorizer",0.6195652173913043,0.7702702702702703,0.7346603360116873,0.6486486486486487,0.6867469879518072,0.7142153612823837,0.5,0.7346603360116873
"AdaBoost with (3, 3)-Grams-CountVectorizer-vectorizer",0.726027397260274,0.7162162162162162,0.802227903579255,0.722972972972973,0.7210884353741497,0.830467130934047,0.5,0.802227903579255
"LR with (3, 3)-Grams-TfidfVectorizer-vectorizer",0.7538461538461538,0.6621621621621622,0.7655222790357925,0.722972972972973,0.7050359712230215,0.7198212642759889,0.5,0.7655222790357925
"RF with (3, 3)-Grams-TfidfVectorizer-vectorizer",0.6956521739130435,0.6486486486486487,0.7750182615047481,0.6824324324324325,0.6713286713286714,0.8002843136569477,0.5,0.7750182615047481
"3 Nearest Neighbors with (3, 3)-Grams-TfidfVectorizer-vectorizer",0.569620253164557,0.6081081081081081,0.6411614317019723,0.5743243243243243,0.5882352941176471,0.7015090322144342,0.5,0.6411614317019723
"Decision Tree with (3, 3)-Grams-TfidfVectorizer-vectorizer",0.5714285714285714,0.5945945945945946,0.6054601899196493,0.5743243243243243,0.5827814569536424,0.6332323510345614,0.5,0.6054601899196493
"10 Random Forest 5-max-depth with (3, 3)-Grams-TfidfVectorizer-vectorizer",0.6444444444444445,0.7837837837837838,0.733199415631848,0.6756756756756757,0.7073170731707318,0.6950702331802414,0.5,0.733199415631848
"Neural Net with (3, 3)-Grams-TfidfVectorizer-vectorizer",0.691358024691358,0.7567567567567568,0.7846968590211834,0.7094594594594594,0.7225806451612903,0.7234471746634773,0.5,0.7846968590211834
"AdaBoost with (3, 3)-Grams-TfidfVectorizer-vectorizer",0.726027397260274,0.7162162162162162,0.7754747991234477,0.722972972972973,0.7210884353741497,0.7760506497157136,0.5,0.7754747991234477
"LR with (1, 4)-Grams-CountVectorizer-vectorizer",0.691358024691358,0.7567567567567568,0.766526661796932,0.7094594594594594,0.7225806451612903,0.7747636311851773,0.5,0.766526661796932
"RF with (1, 4)-Grams-CountVectorizer-vectorizer",0.7391304347826086,0.6891891891891891,0.7471694667640614,0.722972972972973,0.7132867132867132,0.7485781318904111,0.5,0.7471694667640614
"3 Nearest Neighbors with (1, 4)-Grams-CountVectorizer-vectorizer",0.5494505494505495,0.6756756756756757,0.6198867786705624,0.5608108108108109,0.6060606060606061,0.6683722049575708,0.5,0.6198867786705624
"Decision Tree with (1, 4)-Grams-CountVectorizer-vectorizer",0.6237623762376238,0.8513513513513513,0.7384952520087655,0.668918918918919,0.7199999999999999,0.7767200699435726,0.5,0.7384952520087655
"10 Random Forest 5-max-depth with (1, 4)-Grams-CountVectorizer-vectorizer",0.6376811594202898,0.5945945945945946,0.7100073046018992,0.6283783783783784,0.6153846153846154,0.70486343670173,0.5,0.7100073046018992
"Neural Net with (1, 4)-Grams-CountVectorizer-vectorizer",0.6511627906976745,0.7567567567567568,0.7517348429510592,0.6756756756756757,0.7000000000000001,0.765987034419239,0.5,0.7517348429510592
"AdaBoost with (1, 4)-Grams-CountVectorizer-vectorizer",0.7088607594936709,0.7567567567567568,0.7981190650109569,0.722972972972973,0.7320261437908496,0.8140798509292239,0.5,0.7981190650109569
"LR with (1, 4)-Grams-TfidfVectorizer-vectorizer",0.7285714285714285,0.6891891891891891,0.7492695398100804,0.7162162162162162,0.7083333333333334,0.7193825291737422,0.5,0.7492695398100804
"RF with (1, 4)-Grams-TfidfVectorizer-vectorizer",0.7333333333333333,0.7432432432432432,0.7856099342585829,0.7364864864864865,0.738255033557047,0.8149136889337462,0.5,0.7856099342585829
"3 Nearest Neighbors with (1, 4)-Grams-TfidfVectorizer-vectorizer",0.5760869565217391,0.7162162162162162,0.6413440467494522,0.5945945945945946,0.6385542168674698,0.6916283872805612,0.5,0.6413440467494522
"Decision Tree with (1, 4)-Grams-TfidfVectorizer-vectorizer",0.5851063829787234,0.7432432432432432,0.5595325054784515,0.6081081081081081,0.6547619047619048,0.5544741882154982,0.5,0.5595325054784515
"10 Random Forest 5-max-depth with (1, 4)-Grams-TfidfVectorizer-vectorizer",0.6847826086956522,0.8513513513513513,0.7508217677136595,0.7297297297297297,0.7590361445783131,0.757955123820347,0.5,0.7508217677136595
"Neural Net with (1, 4)-Grams-TfidfVectorizer-vectorizer",0.6794871794871795,0.7162162162162162,0.7728268809349891,0.6891891891891891,0.6973684210526315,0.7184378498209574,0.5,0.7728268809349891
"AdaBoost with (1, 4)-Grams-TfidfVectorizer-vectorizer",0.7391304347826086,0.6891891891891891,0.8029583637691746,0.722972972972973,0.7132867132867132,0.7866876790259865,0.5,0.8029583637691746
"LR with (2, 4)-Grams-CountVectorizer-vectorizer",0.7051282051282052,0.7432432432432432,0.7548392987582176,0.7162162162162162,0.7236842105263159,0.76835346307165,0.5,0.7548392987582176
"RF with (2, 4)-Grams-CountVectorizer-vectorizer",0.7538461538461538,0.6621621621621622,0.7696311176040906,0.722972972972973,0.7050359712230215,0.8064815307332853,0.5,0.7696311176040906
"3 Nearest Neighbors with (2, 4)-Grams-CountVectorizer-vectorizer",0.550561797752809,0.6621621621621622,0.620617238860482,0.5608108108108109,0.6012269938650308,0.6708725579512096,0.5,0.620617238860482
"Decision Tree with (2, 4)-Grams-CountVectorizer-vectorizer",0.6428571428571429,0.6081081081081081,0.6708363769174579,0.6351351351351351,0.625,0.6977612895470038,0.5,0.6708363769174579
"10 Random Forest 5-max-depth with (2, 4)-Grams-CountVectorizer-vectorizer",0.7551020408163265,0.5,0.7127465303140978,0.668918918918919,0.6016260162601625,0.7341279315430099,0.5,0.7127465303140978
"Neural Net with (2, 4)-Grams-CountVectorizer-vectorizer",0.6363636363636364,0.6621621621621622,0.7258035062089118,0.6418918918918919,0.6490066225165563,0.7162785486275143,0.5,0.7258035062089118
"AdaBoost with (2, 4)-Grams-CountVectorizer-vectorizer",0.7236842105263158,0.7432432432432432,0.8265157048940832,0.7297297297297297,0.7333333333333334,0.816508091889114,0.5,0.8265157048940832
"LR with (2, 4)-Grams-TfidfVectorizer-vectorizer",0.7575757575757576,0.6756756756756757,0.7618699780861943,0.7297297297297297,0.7142857142857142,0.715815618058304,0.5,0.7618699780861943
"RF with (2, 4)-Grams-TfidfVectorizer-vectorizer",0.7101449275362319,0.6621621621621622,0.7109203798392988,0.6959459459459459,0.6853146853146853,0.7297877967411253,0.5,0.7109203798392988
"3 Nearest Neighbors with (2, 4)-Grams-TfidfVectorizer-vectorizer",0.5647058823529412,0.6486486486486487,0.6407962016070123,0.5743243243243243,0.6037735849056605,0.6949332964678234,0.5,0.6407962016070123
"Decision Tree with (2, 4)-Grams-TfidfVectorizer-vectorizer",0.6212121212121212,0.5540540540540541,0.6764974433893353,0.6081081081081081,0.5857142857142857,0.6909539943641761,0.5,0.6764974433893353
"10 Random Forest 5-max-depth with (2, 4)-Grams-TfidfVectorizer-vectorizer",0.8076923076923077,0.28378378378378377,0.6815193571950329,0.6081081081081081,0.42,0.7277334036881877,0.5,0.6815193571950329
"Neural Net with (2, 4)-Grams-TfidfVectorizer-vectorizer",0.6823529411764706,0.7837837837837838,0.7777574872169466,0.7094594594594594,0.7295597484276729,0.7186646224375884,0.5,0.7777574872169466
"AdaBoost with (2, 4)-Grams-TfidfVectorizer-vectorizer",0.7142857142857143,0.6756756756756757,0.8089846603360117,0.7027027027027027,0.6944444444444444,0.7910030107489824,0.5,0.8089846603360117
"LR with (3, 4)-Grams-CountVectorizer-vectorizer",0.7236842105263158,0.7432432432432432,0.7557523739956173,0.7297297297297297,0.7333333333333334,0.7551947235483224,0.5,0.7557523739956173
"RF with (3, 4)-Grams-CountVectorizer-vectorizer",0.7647058823529411,0.7027027027027027,0.8069758948137327,0.7432432432432432,0.7323943661971832,0.8329324794477474,0.5,0.8069758948137327
"3 Nearest Neighbors with (3, 4)-Grams-CountVectorizer-vectorizer",0.5483870967741935,0.6891891891891891,0.6106647187728269,0.5608108108108109,0.6107784431137725,0.6657660563789596,0.5,0.6106647187728269
"Decision Tree with (3, 4)-Grams-CountVectorizer-vectorizer",0.5625,0.6081081081081081,0.6033601168736303,0.5675675675675675,0.5844155844155844,0.6659713855388355,0.5,0.6033601168736303
"10 Random Forest 5-max-depth with (3, 4)-Grams-CountVectorizer-vectorizer",0.5384615384615384,0.28378378378378377,0.5859203798392987,0.5202702702702703,0.3716814159292035,0.6315570900997186,0.5,0.5859203798392987
"Neural Net with (3, 4)-Grams-CountVectorizer-vectorizer",0.6329113924050633,0.6756756756756757,0.7367604090577063,0.6418918918918919,0.6535947712418301,0.7248228027547412,0.5,0.7367604090577063
"AdaBoost with (3, 4)-Grams-CountVectorizer-vectorizer",0.7088607594936709,0.7567567567567568,0.8108108108108109,0.722972972972973,0.7320261437908496,0.8085593251644082,0.5,0.8108108108108109
"LR with (3, 4)-Grams-TfidfVectorizer-vectorizer",0.746031746031746,0.6351351351351351,0.7724616508400292,0.7094594594594594,0.6861313868613138,0.7229002280829472,0.5,0.7724616508400292
"RF with (3, 4)-Grams-TfidfVectorizer-vectorizer",0.7534246575342466,0.7432432432432432,0.766891891891892,0.75,0.7482993197278911,0.7596134398267169,0.5,0.766891891891892
"3 Nearest Neighbors with (3, 4)-Grams-TfidfVectorizer-vectorizer",0.5875,0.6351351351351351,0.6559532505478451,0.5945945945945946,0.6103896103896105,0.7053288026398492,0.5,0.6559532505478451
"Decision Tree with (3, 4)-Grams-TfidfVectorizer-vectorizer",0.7368421052631579,0.5675675675675675,0.7447041636230826,0.6824324324324325,0.6412213740458015,0.7598845363395466,0.5,0.7447041636230826
"10 Random Forest 5-max-depth with (3, 4)-Grams-TfidfVectorizer-vectorizer",0.6896551724137931,0.2702702702702703,0.6739408327246165,0.5743243243243243,0.3883495145631068,0.6347139122673784,0.5,0.6739408327246165
"Neural Net with (3, 4)-Grams-TfidfVectorizer-vectorizer",0.6875,0.7432432432432432,0.7735573411249087,0.7027027027027027,0.7142857142857143,0.7117847291993685,0.5,0.7735573411249087
"AdaBoost with (3, 4)-Grams-TfidfVectorizer-vectorizer",0.6835443037974683,0.7297297297297297,0.747991234477721,0.6959459459459459,0.7058823529411764,0.7480390241241677,0.5,0.747991234477721
"LR with (4, 4)-Grams-CountVectorizer-vectorizer",0.72,0.7297297297297297,0.7533783783783784,0.722972972972973,0.7248322147651007,0.7282027810775362,0.5,0.7533783783783784
"RF with (4, 4)-Grams-CountVectorizer-vectorizer",0.7384615384615385,0.6486486486486487,0.7306428049671293,0.7094594594594594,0.6906474820143885,0.7605114179930614,0.5,0.7306428049671293
"3 Nearest Neighbors with (4, 4)-Grams-CountVectorizer-vectorizer",0.5454545454545454,0.6486486486486487,0.6113951789627465,0.5540540540540541,0.5925925925925926,0.6701672346833638,0.5,0.6113951789627465
"Decision Tree with (4, 4)-Grams-CountVectorizer-vectorizer",0.7068965517241379,0.5540540540540541,0.7048027757487216,0.6621621621621622,0.6212121212121213,0.7292941339906086,0.5,0.7048027757487216
"10 Random Forest 5-max-depth with (4, 4)-Grams-CountVectorizer-vectorizer",0.26666666666666666,0.05405405405405406,0.5133308984660336,0.4527027027027027,0.0898876404494382,0.5047716866535703,0.5,0.5133308984660336
"Neural Net with (4, 4)-Grams-CountVectorizer-vectorizer",0.7428571428571429,0.7027027027027027,0.7668005843681519,0.7297297297297297,0.7222222222222223,0.7455835547394725,0.5,0.7668005843681519
"AdaBoost with (4, 4)-Grams-CountVectorizer-vectorizer",0.803030303030303,0.7162162162162162,0.8214024835646457,0.7702702702702703,0.7571428571428571,0.8417520029949702,0.5,0.8214024835646457
"LR with (4, 4)-Grams-TfidfVectorizer-vectorizer",0.7101449275362319,0.6621621621621622,0.7600438276113952,0.6959459459459459,0.6853146853146853,0.7071424349651577,0.5,0.7600438276113952
"RF with (4, 4)-Grams-TfidfVectorizer-vectorizer",0.5777777777777777,0.7027027027027027,0.6956720233747262,0.5945945945945946,0.6341463414634145,0.7461099657396858,0.5,0.6956720233747262
"3 Nearest Neighbors with (4, 4)-Grams-TfidfVectorizer-vectorizer",0.6075949367088608,0.6486486486486487,0.6607012417823229,0.6148648648648649,0.6274509803921569,0.697633920240724,0.5,0.6607012417823229
"Decision Tree with (4, 4)-Grams-TfidfVectorizer-vectorizer",0.7454545454545455,0.5540540540540541,0.7195032870708546,0.6824324324324325,0.6356589147286822,0.7428064930493197,0.5,0.7195032870708546
"10 Random Forest 5-max-depth with (4, 4)-Grams-TfidfVectorizer-vectorizer",0.5925925925925926,0.21621621621621623,0.558436815193572,0.5337837837837838,0.31683168316831684,0.5834748466868813,0.5,0.558436815193572
"Neural Net with (4, 4)-Grams-TfidfVectorizer-vectorizer",0.6588235294117647,0.7567567567567568,0.7476260043827612,0.6824324324324325,0.7044025157232704,0.6862464377342257,0.5,0.7476260043827612
"AdaBoost with (4, 4)-Grams-TfidfVectorizer-vectorizer",0.6219512195121951,0.6891891891891891,0.7139335281227173,0.6351351351351351,0.6538461538461539,0.6833889034842253,0.5,0.7139335281227173
